average_anger,average_contempt,average_fear,average_disgust,average_happiness,average_neutral,average_sadness,average_surprise,commitment_score
0.0004232570983704673,0.004894478802544478,0.0,8.85312748681012e-05,0.0008298067831889257,0.9880569581883119,0.0024003026642525965,0.00323614401241178,0.9183673469387755
0.00804549415953846,0.015704964237756414,0.0,0.002114856189384615,0.046803327431128194,0.7645641741282052,0.0408622248398718,0.004959625317397437,1.346938775510204
0.003538486007885975,0.013586836616664632,0.0,0.0003394888950531524,0.009932905576562272,0.9551993903902444,0.014000742586841461,0.0031119457831818285,1.2040816326530612
0.002684437690048154,0.06018697351576644,0.0,0.003902835028652654,0.020389292611377504,0.271250420725053,0.17387866063458607,0.006182853749045224,1.4285714285714284
0.00222634026905443,0.0005877805996481012,0.0,0.0003559617564667088,0.00023279197172645572,0.9225467381898734,0.0047954022747215205,0.005081564197405066,1.0204081632653061
0.0012696219999545457,0.011495100233181815,0.0,0.001415153593681818,0.06046951177179545,0.8337358819090909,0.07561835035,0.0007715027934333331,1.0816326530612244
0.00990003083547195,0.016545141297462193,0.0,0.0003696436911996341,0.03605310176152597,0.7777639601521952,0.1585263146941085,0.0007707631388984146,1.3061224489795917
